Phase,Task Name,Assignee,Timeline
Thought & Planning,Brainstorming scope and goals,Both,Week 1
Thought & Planning,"Finalize APIs and datasets (Strava, OSM, Weather)",Both,Week 1
Thought & Planning,"Decide model types (content-based, collaborative filtering)",Both,Week 1
Data Collection,Implement Strava API authentication & fetching,Person A,Weeks 2-3
Data Collection,Integrate OpenStreetMap route attributes,Person B,Weeks 2-3
Data Collection,Add weather API enrichment,Person A,Weeks 2-3
Data Collection,Validate synthetic dataset & document,Person B,Weeks 2-3
Coding & Development,Perform EDA visualizations,Person A,Weeks 4-5
Coding & Development,"Feature Engineering (time, elevation, difficulty score)",Person B,Weeks 4-5
Coding & Development,Build Content-Based Filtering recommender,Person A,Weeks 4-5
Coding & Development,Collaborative Filtering extension,Person B,Weeks 4-5
Evaluation & Testing,Compare recommendations with baselines,Person A,Week 6
Evaluation & Testing,Conduct user-level testing with synthetic data,Person B,Week 6
Evaluation & Testing,Document evaluation metrics and insights,Both,Week 6
Future Work & Features,Dashboard/Prototype deployment planning,Both,Week 7
Future Work & Features,"Discuss scalability (multi-user support, real-time APIs)",Both,Week 7
Future Work & Features,Create next-steps roadmap,Both,Week 7
