Phase,Task,Assignee,Timeline
Phase 1 – Planning & Scope,Define project scope and deliverables,Both,Week 1
Phase 1 – Planning & Scope,"Confirm data sources (Strava, OSM, Weather)",Both,Week 1
Phase 1 – Planning & Scope,"Select modeling approach (Content-Based, Collaborative)",Both,Week 1
Phase 2 – Data Acquisition,Implement Strava API authentication and ingestion,Person A,Weeks 2–3
Phase 2 – Data Acquisition,Incorporate OpenStreetMap attributes,Person B,Weeks 2–3
Phase 2 – Data Acquisition,Integrate external weather API data,Person A,Weeks 2–3
Phase 2 – Data Acquisition,Validate and document synthetic dataset,Person B,Weeks 2–3
Phase 3 – Development,Perform exploratory data analysis and visualizations,Person A,Weeks 4–5
Phase 3 – Development,"Engineer features (time-based, elevation, difficulty score)",Person B,Weeks 4–5
Phase 3 – Development,Develop content-based recommendation engine,Person A,Weeks 4–5
Phase 3 – Development,Prototype collaborative filtering model,Person B,Weeks 4–5
Phase 4 – Evaluation,Benchmark recommendations against baseline,Person A,Week 6
Phase 4 – Evaluation,Conduct validation with test datasets,Person B,Week 6
Phase 4 – Evaluation,"Document results, insights, and lessons learned",Both,Week 6
Phase 5 – Future Enhancements,Plan prototype dashboard deployment,Both,Week 7
Phase 5 – Future Enhancements,Assess scalability and multi-user considerations,Both,Week 7
Phase 5 – Future Enhancements,Outline roadmap for feature extensions,Both,Week 7
