route_id,surface_type_route,distance_km_route,elevation_meters_route,difficulty_score,grade_percent,traffic_stress,grade_flat,grade_rolling,grade_hilly,grade_steep,is_likely_loop,is_likely_out_back,is_morning,is_afternoon,is_evening,is_night,is_weekend,is_weekday,geo_cluster,gps_polyline,start_lat,start_lon,end_lat,end_lon,actual_distance_km,area_name
R001,Road,12.94,229.0,4.87,1.769706336938354,0.0215208034433285,1.0,0.0,0.0,0.0,1.0,0.0,0.3333333333333333,0.1111111111111111,0.2222222222222222,0.3333333333333333,0.3888888888888889,0.6111111111111112,4,cvwwFzeqbMoC?oC?oC?oC?oC?oC?qC?oC?oC?oC?oC?oC?oC?oC?oC?oC?oC?oC?oC?oC?qC?oC?oC?oC?oC?oC??cR?cR?cR?cR?aR?cR?cR?cR?cR?cR?cR?cR?aR?cR?cR?cRnC?nC?nC?nC?nC?pC?nC?nC?nC?nC?nC?nC?nC?nC?nC?nC?nC?nC?nC?pC?nC?nC?nC?nC?nC?nC??bR?bR?bR?`R?bR?bR?bR?bR?bR?bR?bR?`R?bR?bR?bR?bR??,40.7589,-73.9851,40.7589,-73.9851,12.425977683262946,Midtown Manhattan
R002,Road,15.43,218.0,5.27,1.4128321451708277,0.0182592818015824,1.0,0.0,0.0,0.0,1.0,0.0,0.3888888888888889,0.1111111111111111,0.2777777777777778,0.2222222222222222,0.2222222222222222,0.7777777777777778,5,cl|wFz{dbMgJ\eJtAaJnCyIdEqI|FcIpHwHdJgHtKuGbMaGnNkFtOsExP}DxQaDvRiClSkB`ToApTs@zTU`UF`Ub@~T`AtT|AjTzBvStCbSnDfRfEjQ`FfPvF`OjGxM|GlLnH|J|HlIjIvGtI`F|IjDbJpBfJx@fJ?fJy@bJqB|IkDtIaFjIwG|HmInH}J|GmLjGyMvFaO`FgPfEkQnDgRtCcSzBwS|AkT`AuTb@_UFaUUaUs@{ToAqTkBaTiCmSaDwR}DyQsEyPkFuOaGoNuGcMgHuKwHeJcIqHqI}FyIeEaJoCeJuAgJ],40.7829,-73.92206304520163,40.7829,-73.92206304520163,19.391120315727722,Central Park Loop
R003,Road,13.8,216.0,4.92,1.5652173913032137,0.0202702702702702,1.0,0.0,0.0,0.0,1.0,0.0,0.4444444444444444,0.2222222222222222,0.1111111111111111,0.2222222222222222,0.3333333333333333,0.6666666666666666,4,{ikwFrtsbMoC?oC?oC?oC?oC?oC?qC?oC?oC?oC?oC?oC?oC?oC?oC?oC?oC?oC?oC?oC?qC?oC?oC?oC?oC?oC?oC?oC??cR?cR?cR?cR?aR?cR?cR?cR?cR?cR?cR?cR?aR?cR?cR?cR?cRnC?nC?nC?nC?nC?nC?nC?pC?nC?nC?nC?nC?nC?nC?nC?nC?nC?nC?nC?nC?nC?pC?nC?nC?nC?nC?nC?nC??bR?bR?bR?bR?`R?bR?bR?bR?bR?bR?bR?bR?`R?bR?bR?bR?bR??,40.6955,-73.9977,40.6955,-73.9977,13.270824090189302,Brooklyn Heights
R004,Trail,18.91,171.0,5.5,0.90428344791068,0.0150678051230537,1.0,0.0,0.0,0.0,1.0,0.0,0.2105263157894736,0.1578947368421052,0.2631578947368421,0.3684210526315789,0.3157894736842105,0.6842105263157895,4,gmdwFhucbMiJVgJdAeJtB_JdDyIpEqI|FiIjH}HrIoH|JcHdLuGhMcGlNsFlO_FlPkEfQyDbRaDvRmClSwB|S_BlTgAvTo@|TWdU?bUVdUn@|TfAvT~AlTvB|SlClS`DvRxDbRjEfQ~ElPrFlObGlNtGhMbHdLnH|J|HrIhIjHpI|FxIpE~IdDdJtBfJdAhJVhJWfJeAdJuB~IeDxIqEpI}FhIkH|HsInH}JbHeLtGiMbGmNrFmO~EmPjEgQxDcR`DwRlCmSvB}S~AmTfAwTn@}TVeU?cUWeUo@}TgAwT_BmTwB}SmCmSaDwRyDcRkEgQ_FmPsFmOcGmNuGiMcHeLoH}J}HsIiIkHqI}FyIqE_JeDeJuBgJeAiJW,40.6602,-73.91588905928468,40.6602,-73.91588905928468,23.794668887561873,Prospect Park Loop
R005,Trail,2.05,214.0,2.55,10.43902439019298,0.0983606557377049,0.0,0.0,0.0,1.0,0.0,1.0,0.4210526315789473,0.2105263157894736,0.1578947368421052,0.2105263157894736,0.3157894736842105,0.6842105263157895,0,wexwF~vobMo@fFq@hFo@fFq@fFo@fFq@hFo@fFo@fFq@hFo@fFn@gFp@iFn@gFn@gFp@iFn@gFp@gFn@gFp@iFn@gF??,40.7614,-73.9776,40.7614,-73.9776,2.0374235674142804,East River Path
R006,Trail,5.49,88.0,1.98,1.6029143897967162,0.0462249614791987,1.0,0.0,0.0,0.0,0.0,1.0,0.2608695652173913,0.3478260869565217,0.0434782608695652,0.3478260869565217,0.2608695652173913,0.7391304347826086,0,swuwFrbrbM|K`J|K`J|K`JzK`J|K`J|K`J|K`J|K`J|K`J|K`J}KaJ}KaJ}KaJ}KaJ}KaJ}KaJ{KaJ}KaJ}KaJ}KaJ??,40.7489,-73.9897,40.7489,-73.9897,5.4813750855808765,Hudson River Greenway
R007,Road,15.619999999999996,82.0,3.94,0.524967989756386,0.0180505415162454,1.0,0.0,0.0,0.0,1.0,0.0,0.1111111111111111,0.2777777777777778,0.3333333333333333,0.2777777777777778,0.1666666666666666,0.8333333333333334,1,sxmwFzvkbMoC?oC?oC?oC?oC?oC?qC?oC?oC?oC?oC?oC?oC?oC?oC?oC?oC?oC?oC?oC?qC?oC?oC?oC?oC?oC?oC?oC?oC?oC?oC?oC??cR?cR?cR?cR?aR?cR?cR?cR?cR?cR?cR?cR?aR?cR?cR?cR?cR?cR?cR?cRnC?nC?nC?nC?nC?nC?nC?nC?nC?nC?nC?pC?nC?nC?nC?nC?nC?nC?nC?nC?nC?nC?nC?nC?nC?pC?nC?nC?nC?nC?nC?nC??bR?bR?bR?bR?bR?bR?bR?`R?bR?bR?bR?bR?bR?bR?bR?`R?bR?bR?bR?bR??,40.7081,-73.9571,40.7081,-73.9571,15.459921119165868,Williamsburg Grid
R008,Trail,17.81,106.0,4.62,0.5951712521052245,0.0159489633173843,1.0,0.0,0.0,0.0,1.0,0.0,0.4,0.2666666666666666,0.2666666666666666,0.0666666666666666,0.4666666666666667,0.5333333333333333,2,kqpwFrhtbMoC?oC?oC?oC?oC?oC?qC?oC?oC?oC?oC?oC?oC?oC?oC?oC?oC?oC?oC?oC?qC?oC?oC?oC?oC?oC?oC?oC?oC?oC?oC?oC?oC?oC?qC?oC?oC??cR?cR?cR?cR?aR?cR?cR?cR?cR?cR?cR?cR?aR?cR?cR?cR?cR?cR?cR?cR?cR?aRnC?nC?pC?nC?nC?nC?nC?nC?nC?nC?nC?nC?nC?nC?nC?nC?pC?nC?nC?nC?nC?nC?nC?nC?nC?nC?nC?nC?nC?nC?pC?nC?nC?nC?nC?nC?nC??`R?bR?bR?bR?bR?bR?bR?bR?bR?`R?bR?bR?bR?bR?bR?bR?bR?`R?bR?bR?bR?bR??,40.7223,-74.0009,40.7223,-74.0009,17.29133197046941,Lower Manhattan
R009,Trail,11.05,87.0,3.08,0.7873303167413689,0.0248962655601659,1.0,0.0,0.0,0.0,1.0,0.0,0.1818181818181818,0.2272727272727272,0.1363636363636363,0.4545454545454545,0.2727272727272727,0.7272727272727273,1,cvwwFzeqbMoC?oC?oC?oC?oC?oC?qC?oC?oC?oC?oC?oC?oC?oC?oC?oC?oC?oC?oC?oC?qC?oC?oC??cR?cR?cR?cR?aR?cR?cR?cR?cR?cR?cR?cR?aR?cRnC?nC?pC?nC?nC?nC?nC?nC?nC?nC?nC?nC?nC?nC?nC?nC?pC?nC?nC?nC?nC?nC?nC??bR?`R?bR?bR?bR?bR?bR?bR?bR?`R?bR?bR?bR?bR??,40.7589,-73.9851,40.7589,-73.9851,10.912864800594022,Midtown Manhattan
R010,Road,21.86,0.0,4.33,0.0,0.0131233595800524,1.0,0.0,0.0,0.0,1.0,0.0,0.125,0.25,0.125,0.5,0.1875,0.8125,0,cl|wF~jabMiJTgJz@cJdBaJlC}ItDwIzEoI`GgIhH}HjIsHnJiHrK{GrLoGpMaGnNqFlOaFfPqE~P_EtQoDjR{C|RgCnSuBzSaBhTmArTw@xTc@~TObUD`UX`Ul@|TbAvTtAlTjBbT~BtSpCdSdDtRvD`RfEjQzErPhFxOxF~NfG`NtG`MbHbLlH`KxH|IbIzHjItGrInFxIfE~I`DbJxBdJpAhJf@fJ?hJg@dJqAbJyB~IaDxIgErIoFjIuGbI{HxH}IlHaKbHcLtGaMfGaNxF_OhFyOzEsPfEkQvDaRdDuRpCeS~BuSjBcTtAmTbAwTl@}TXaUDaUOcUc@_Uw@yTmAsTaBiTuB{SgCoS{C}RoDkR_EuQqE_QaFgPqFmOaGoNoGqM{GsLiHsKsHoJ}HkIgIiHoIaGwI{E}IuDaJmCcJeBgJ{@iJU,40.7829,-73.90400364018844,40.7829,-73.90400364018844,27.475618980259494,Central Park Loop
R011,Road,8.76,171.0,3.46,1.9520547945183195,0.0307377049180327,1.0,0.0,0.0,0.0,1.0,0.0,0.3809523809523809,0.1428571428571428,0.1428571428571428,0.3333333333333333,0.2857142857142857,0.7142857142857143,2,{ikwFrtsbMoC?oC?oC?oC?oC?oC?qC?oC?oC?oC?oC?oC?oC?oC?oC?oC?oC?oC??cR?cR?cR?cR?aR?cR?cR?cR?cR?cR?cRnC?nC?nC?nC?nC?nC?nC?nC?nC?nC?nC?pC?nC?nC?nC?nC?nC?nC??bR?bR?bR?bR?bR?bR?`R?bR?bR?bR?bR??,40.6955,-73.9977,40.6955,-73.9977,8.568476877131117,Brooklyn Heights
R012,Road,13.62,121.0,3.94,0.8883994126278352,0.0205198358413132,1.0,0.0,0.0,0.0,1.0,0.0,0.2941176470588235,0.2941176470588235,0.0588235294117647,0.3529411764705882,0.2352941176470588,0.7647058823529411,2,gmdwFdrfbMgJ^eJ`B}I`DuI~EiI|G{HvIiHlKuGbM}FrNeF~OkEdQoDhRqCdSqB|SsAnTq@zTO`UN`Up@zTrAnTpB|SpCdSnDhRjEdQdF~O|FrNtGbMhHlKzHvIhI|GtI~E|I`DdJ`BfJ^fJ_@dJaB|IaDtI_FhI}GzHwIhHmKtGcM|FsNdF_PjEeQnDiRpCeSpB}SrAoTp@{TNaUOaUq@{TsAoTqB}SqCeSoDiRkEeQeF_P}FsNuGcMiHmK{HwIiI}GuI_F}IaDeJaBgJ_@,40.6602,-73.93074664132509,40.6602,-73.93074664132509,17.135295605581327,Prospect Park Loop
R013,Road,6.28,220.0,3.45,3.5031847133702176,0.0412087912087912,0.0,1.0,0.0,0.0,0.0,1.0,0.3043478260869565,0.217391304347826,0.3478260869565217,0.1304347826086956,0.1739130434782608,0.8260869565217391,2,wexwF~vobM_DbU}CdU_DbU_DdU_DbU}CdU_DbU_DbU_DdU}CbU|CcU~CeU~CcU~CcU|CeU~CcU~CeU~CcU|CeU~CcU??,40.7614,-73.9776,40.7614,-73.9776,6.241658828150597,East River Path
R014,Trail,29.980000000000004,72.0,6.72,0.2401601067377451,0.0096836668818592,1.0,0.0,0.0,0.0,1.0,0.0,0.3636363636363636,0.3181818181818182,0.1818181818181818,0.1363636363636363,0.1818181818181818,0.8181818181818182,3,swuwFrbrbMhKyQbI}ShGgUpFwU|FoUpHkTtJoRxLaPfNuM|NmLzNmLbNaNlLmPjJyRfHsTzFqUpFuUnGcUlIuStKmQnM_OrN}L`OgLrN_MlMaOrKoQlIuSnGcUpFwUxFoUhHsTlJyRnLkP`N_N|NmL|NkLfNyMvLaPrJqRnHkT~FoUnFwUjGgUbI{SjKyQhMiOnNeM`OgLvNyLrMuNzKeQvImStG_UrFuUvFsU`HwT`JaShLwPzMgNzNsL~NiLjNoM|LwO~JgRvHeTbGkUnFwUdGkUzHcT`KcR`MsOlNkM~NiLxNuLzMkNbL{P~IeS|GyTtFsUtFuUxG}TxIiS~KaQvMqNvNwL~NgLnNiMfMmOdK{Q,40.7489,-73.9897,40.57735549627404,-73.7274470960939,29.896521972048394,Hudson River Greenway
R015,Trail,17.31,0.0,2.86,0.0,0.0163844893500819,1.0,0.0,0.0,0.0,1.0,0.0,0.4666666666666667,0.1333333333333333,0.0666666666666666,0.3333333333333333,0.2,0.8,0,sxmwFzvkbMoC?oC?oC?oC?oC?oC?qC?oC?oC?oC?oC?oC?oC?oC?oC?oC?oC?oC?oC?oC?qC?oC?oC?oC?oC?oC?oC?oC?oC?oC?oC?oC?oC?oC?qC?oC??cR?cR?cR?cR?aR?cR?cR?cR?cR?cR?cR?cR?aR?cR?cR?cR?cR?cR?cR?cR?cR?aRnC?pC?nC?nC?nC?nC?nC?nC?nC?nC?nC?nC?nC?nC?nC?pC?nC?nC?nC?nC?nC?nC?nC?nC?nC?nC?nC?nC?nC?pC?nC?nC?nC?nC?nC?nC??`R?bR?bR?bR?bR?bR?bR?bR?bR?`R?bR?bR?bR?bR?bR?bR?bR?`R?bR?bR?bR?bR??,40.7081,-73.9571,40.7081,-73.9571,17.133725238823168,Williamsburg Grid
R016,Road,9.76,121.0,3.16,1.239754098359385,0.0278810408921933,1.0,0.0,0.0,0.0,1.0,0.0,0.35,0.3,0.2,0.15,0.35,0.65,1,kqpwFrhtbMoC?oC?oC?oC?oC?oC?qC?oC?oC?oC?oC?oC?oC?oC?oC?oC?oC?oC?oC?oC??cR?cR?cR?cR?aR?cR?cR?cR?cR?cR?cR?cRnC?nC?nC?nC?nC?nC?nC?nC?nC?nC?nC?nC?nC?pC?nC?nC?nC?nC?nC?nC??bR?bR?bR?bR?bR?bR?bR?`R?bR?bR?bR?bR??,40.7223,-74.0009,40.7223,-74.0009,9.403097409517652,Lower Manhattan
R017,Road,17.65,115.0,4.68,0.6515580736540217,0.0160857908847185,1.0,0.0,0.0,0.0,1.0,0.0,0.3888888888888889,0.1111111111111111,0.1666666666666666,0.3333333333333333,0.3333333333333333,0.6666666666666666,3,cvwwFzeqbMoC?oC?oC?oC?oC?oC?qC?oC?oC?oC?oC?oC?oC?oC?oC?oC?oC?oC?oC?oC?qC?oC?oC?oC?oC?oC?oC?oC?oC?oC?oC?oC?oC?oC?qC?oC??cR?cR?cR?cR?aR?cR?cR?cR?cR?cR?cR?cR?aR?cR?cR?cR?cR?cR?cR?cR?cR?aRnC?pC?nC?nC?nC?nC?nC?nC?nC?nC?nC?nC?nC?nC?nC?pC?nC?nC?nC?nC?nC?nC?nC?nC?nC?nC?nC?nC?nC?pC?nC?nC?nC?nC?nC?nC??`R?bR?bR?bR?bR?bR?bR?bR?bR?`R?bR?bR?bR?bR?bR?bR?bR?`R?bR?bR?bR?bR??,40.7589,-73.9851,40.7589,-73.9851,17.12512673995141,Midtown Manhattan
R018,Trail,10.64,190.0,4.03,1.7857142857126074,0.0257731958762886,1.0,0.0,0.0,0.0,1.0,0.0,0.3684210526315789,0.1578947368421052,0.2631578947368421,0.2105263157894736,0.4736842105263157,0.5263157894736842,3,cl|wF~ogbMgJh@cJzByInEkIzGuHfJ_HlLcGlNcFdP_EtQ{C~RsB|SiAtT_@~THbUt@|T~AhTfCnSlDjRpE~PrFhOpGlMjHjK`IbIpItF~IdDfJrAfJ?fJsA~IeDpIuF`IcIjHkKpGmMrFiOpE_QlDkRfCoS~AiTt@}THcU_@_UiAuTsB}S{C_S_EuQcFePcGmN_HmLuHgJkI{GyIoEcJ{BgJi@,40.7829,-73.93551631892063,40.7829,-73.93551631892063,13.367332687528279,Central Park Loop
R019,Road,8.45,124.0,2.93,1.4674556213000385,0.0317460317460317,1.0,0.0,0.0,0.0,1.0,0.0,0.2105263157894736,0.2631578947368421,0.2105263157894736,0.3157894736842105,0.2631578947368421,0.7368421052631579,1,{ikwFrtsbMoC?oC?oC?oC?oC?oC?qC?oC?oC?oC?oC?oC?oC?oC?oC?oC?oC??cR?cR?cR?cR?aR?cR?cR?cR?cR?cRnC?nC?nC?nC?nC?nC?nC?nC?nC?nC?pC?nC?nC?nC?nC?nC?nC??bR?bR?bR?bR?bR?`R?bR?bR?bR?bR??,40.6955,-73.9977,40.6955,-73.9977,7.891414481397308,Brooklyn Heights
R020,Road,15.14,113.0,4.16,0.7463672391012243,0.0185873605947955,1.0,0.0,0.0,0.0,1.0,0.0,0.1578947368421052,0.1578947368421052,0.3684210526315789,0.3157894736842105,0.2105263157894736,0.7894736842105263,2,gmdwFnwebMkJ\gJvAcJrC{IlEqIdGeI|HuHnJeHbLsGnM}F|NgFbPoEhQuDfRyCbS_CzS_BlTeAzTe@bUEfUTdUt@`UpAtTnBbTlCpSfDtR`ExQzEtPrFpOhGfNzGxLlHhK~HvIjI`HvIhF~InDdJvBhJz@jJ?hJ{@dJwB~IoDvIiFjIaH~HwIlHiKzGyLhGgNrFqOzEuP`EyQfDuRlCqSnBcTpAuTt@aUTeUEgUe@cUeA{T_BmT_C{SyCcSuDgRoEiQgFcP}F}NsGoMeHcLuHoJeI}HqIeG{ImEcJsCgJwAkJ],40.6602,-73.92647754402803,40.6602,-73.92647754402803,19.048810561565503,Prospect Park Loop
R021,Road,17.3,62.0,4.08,0.3583815028899662,0.0163934426229508,1.0,0.0,0.0,0.0,1.0,0.0,0.1875,0.25,0.25,0.3125,0.25,0.75,1,wexwF~vobMaRt@uQhDcQzFyP|G_QjGoQbE_RvAaR]{Q}BsQoDsQmD}QqBaRK}QhBmQpE}PpGyPzGgQpFuQxCcRb@_RkAwQyCqQwDwQyC_RgAcRd@uQxCgQrFyP|G}PnGmQnE}QfBcRM{QqBsQmDsQqD{Q{BcR[}QxAoQdE_QjGyP~GcQxFuQfDaRr@aR}@wQsCsQuDuQ_D_RwAaRV,40.7614,-73.9776,40.91346333937786,-73.99119985954773,17.301235934557614,East River Path
R022,Road,15.08,98.0,4.0,0.6498673740048742,0.0186567164179104,1.0,0.0,0.0,0.0,1.0,0.0,0.1818181818181818,0.1818181818181818,0.5,0.1363636363636363,0.4090909090909091,0.5909090909090909,2,swuwFrbrbMyMfN_LzPkJrRwIhScJzRmKnQiM`O_ObLaPpIoP~GqPdH}OxIwNrL_MnOgKvQ_J~RuIfSsJlRgLpPcNxMoO|JiPtHsPzGiPtHoO~JaNzMgLpPqJlRwIfS_J~RgKvQaMlOwNpL}OxIqPbHqP~G_PpI}NfLiMbOmKnQcJ|RuIfSmJrR_LxP{MdN,40.7489,-73.9897,40.851037292319525,-74.1008049139658,15.03872049564057,Hudson River Greenway
R023,Trail,1.0,113.0,1.24,11.299999999887,0.15,0.0,0.0,0.0,1.0,0.0,1.0,0.44,0.16,0.12,0.28,0.24,0.76,0,sxmwFzvkbM?cR?bR??,40.7081,-73.9571,40.7081,-73.9571,0.516973413725556,Williamsburg Grid
R024,Trail,10.76,50.0,2.65,0.4646840148694565,0.0255102040816326,1.0,0.0,0.0,0.0,1.0,0.0,0.36,0.2,0.28,0.16,0.2,0.8,0,kqpwFrhtbMoC?oC?oC?oC?oC?oC?qC?oC?oC?oC?oC?oC?oC?oC?oC?oC?oC?oC?oC?oC?qC?oC??cR?cR?cR?cR?aR?cR?cR?cR?cR?cR?cR?cR?aRnC?pC?nC?nC?nC?nC?nC?nC?nC?nC?nC?nC?nC?nC?nC?pC?nC?nC?nC?nC?nC?nC??`R?bR?bR?bR?bR?bR?bR?bR?`R?bR?bR?bR?bR??,40.7223,-74.0009,40.7223,-74.0009,10.239973527603894,Lower Manhattan
R025,Road,26.19,249.0,7.73,0.9507445589916188,0.0110334681868333,1.0,0.0,0.0,0.0,1.0,0.0,0.4375,0.375,0.1875,0.0,0.3125,0.6875,9,cvwwFzeqbMoC?oC?oC?oC?oC?oC?qC?oC?oC?oC?oC?oC?oC?oC?oC?oC?oC?oC?oC?oC?qC?oC?oC?oC?oC?oC?oC?oC?oC?oC?oC?oC?oC?oC?qC?oC?oC?oC?oC?oC?oC?oC?oC?oC?oC?oC?oC?oC?qC?oC?oC?oC?oC?oC??cR?cR?cR?cR?aR?cR?cR?cR?cR?cR?cR?cR?aR?cR?cR?cR?cR?cR?cR?cR?cR?aR?cR?cR?cR?cR?cR?cR?cR?aR?cR?cR?cRnC?nC?nC?nC?nC?pC?nC?nC?nC?nC?nC?nC?nC?nC?nC?nC?nC?nC?nC?pC?nC?nC?nC?nC?nC?nC?nC?nC?nC?nC?nC?nC?nC?pC?nC?nC?nC?nC?nC?nC?nC?nC?nC?nC?nC?nC?nC?pC?nC?nC?nC?nC?nC?nC??bR?bR?bR?`R?bR?bR?bR?bR?bR?bR?bR?`R?bR?bR?bR?bR?bR?bR?bR?bR?`R?bR?bR?bR?bR?bR?bR?bR?`R?bR?bR?bR?bR??,40.7589,-73.9851,40.7589,-73.9851,25.68604172229843,Midtown Manhattan
R026,Track,13.37,178.0,4.45,1.331338818248817,0.0208768267223382,1.0,0.0,0.0,0.0,1.0,0.0,0.0,0.1818181818181818,0.3636363636363636,0.4545454545454545,0.3636363636363636,0.6363636363636364,3,cl|wF``fbMkJ`@iJdBaJfDwIhFkIfH{HdJiH|KsGrM{FdOaFpPcEvQgDzRgCvSeBlTeA|Ta@dU?jU`@dUdA|TdBlTfCvSfDzRbEvQ`FpPzFdOrGrMhH|KzHdJjIfHvIhF`JfDhJdBjJ`@jJa@hJeB`JgDvIiFjIgHzHeJhH}KrGsMzFeO`FqPbEwQfD{RfCwSdBmTdA}T`@eU?kUa@eUeA}TeBmTgCwSgD{RcEwQaFqP{FeOsGsMiH}K{HeJkIgHwIiFaJgDiJeBkJa@,40.7829,-73.92784879548579,40.7829,-73.92784879548579,16.800603007446227,Central Park Loop
R027,Mixed,6.8,93.0,2.29,1.3676470588215182,0.0384615384615384,1.0,0.0,0.0,0.0,0.0,1.0,0.3,0.2,0.15,0.35,0.35,0.65,0,{ikwFrtsbMnC?nC?nC?nC?nC?nC?pC?nC?nC?nC?nC?nC?nC?nC?nC?nC?nC?nC?nC?nC?pC?nC?nC?nC?nC?nC?nC?nC?nC?nC?nC?nC?nC?nC?pC?nC?nC?nC?nC?nC?nC?nC?oC?oC?oC?oC?oC?oC?oC?qC?oC?oC?oC?oC?oC?oC?oC?oC?oC?oC?oC?oC?oC?qC?oC?oC?oC?oC?oC?oC?oC?oC?oC?oC?oC?oC?oC?qC?oC?oC?oC?oC?oC?oC???,40.6955,-73.9977,40.6955,-73.9977,6.722889889016952,Brooklyn Heights
R028,Track,19.33,205.0,5.92,1.060527677185173,0.0147565174618789,1.0,0.0,0.0,0.0,1.0,0.0,0.2692307692307692,0.0769230769230769,0.2307692307692307,0.4230769230769231,0.3076923076923077,0.6923076923076923,6,gmdwF|mcbMiJViJbAeJrB_J`D{IlEsIxFiIdH_IlIsHvJeH|KwG`MiGdNwFdOeFdPqE`Q_ExQkDrRuCdS_CxSgBfTqArT{@zTc@bUKdUJdUb@bUz@zTpArTfBfT~BxStCdSjDrR~DxQpE`QdFdPvFdOhGdNvG`MdH|KrHvJ~HlIhIdHrIxFzIlE~I`DdJrBhJbAhJVhJWhJcAdJsB~IaDzImErIyFhIeH~HmIrHwJdH}KvGaMhGeNvFeOdFePpEaQ~DyQjDsRtCeS~BySfBgTpAsTz@{Tb@cUJeUKeUc@cU{@{TqAsTgBgT_CySuCeSkDsR_EyQqEaQeFePwFeOiGeNwGaMeH}KsHwJ_ImIiIeHsIyF{ImE_JaDeJsBiJcAiJW,40.6602,-73.9147094402947,40.6602,-73.9147094402947,24.323346347870288,Prospect Park Loop
R029,Road,10.599999999999998,0.0,1.88,0.0,0.0258620689655172,1.0,0.0,0.0,0.0,1.0,0.0,0.3461538461538461,0.2307692307692307,0.1153846153846153,0.3076923076923077,0.2692307692307692,0.7307692307692307,0,wexwF~vobMqK`RiIfTmGpUuF`VcGxUwHtT{JvR_MfPoN|MgOnLeOtLiNdNuLtPqJ`SmH|T_GzUuF`VwGjUsI~S{KtQuMdO}NbMiOlL{NdMwMdOyKvQqI~SuGlUuF`V_GxUoH|T,40.7614,-73.9776,40.81954906906649,-74.07304791066025,10.55683287755802,East River Path
R030,Road,9.8,107.0,3.03,1.091836734692763,0.0277777777777777,1.0,0.0,0.0,0.0,1.0,0.0,0.2777777777777778,0.2222222222222222,0.1111111111111111,0.3888888888888889,0.1111111111111111,0.8888888888888888,1,swuwFrbrbMnArWdD|VdF~U|FpUnFxUzDtVhBlWNzWw@tWaBpW}ApWo@vW\xWtBjWdEnVtFvUzFpU|EdVxC~VbAvWSxWmArWeBnWoArWOzWbAtWzC~V|EbV|FrU,40.7489,-73.9897,40.73551909166619,-74.10110579453276,9.742416294564224,Hudson River Greenway
R031,Road,10.04,204.0,4.04,2.031872509958135,0.0271739130434782,0.0,1.0,0.0,0.0,1.0,0.0,0.3684210526315789,0.3157894736842105,0.1052631578947368,0.2105263157894736,0.2105263157894736,0.7894736842105263,3,sxmwFzvkbMoC?oC?oC?oC?oC?oC?qC?oC?oC?oC?oC?oC?oC?oC?oC?oC?oC?oC?oC?oC??cR?cR?cR?cR?aR?cR?cR?cR?cR?cR?cR?cRnC?nC?nC?nC?nC?nC?nC?nC?nC?nC?nC?nC?nC?pC?nC?nC?nC?nC?nC?nC??bR?bR?bR?bR?bR?bR?bR?`R?bR?bR?bR?bR??,40.7081,-73.9571,40.7081,-73.9571,9.404407627882193,Williamsburg Grid
R032,Track,8.33,94.0,2.61,1.128451380550866,0.0321543408360128,1.0,0.0,0.0,0.0,1.0,0.0,0.2857142857142857,0.1428571428571428,0.2142857142857142,0.3571428571428571,0.2857142857142857,0.7142857142857143,1,kqpwFrhtbMoC?oC?oC?oC?oC?oC?qC?oC?oC?oC?oC?oC?oC?oC?oC?oC?oC??cR?cR?cR?cR?aR?cR?cR?cR?cR?cRnC?nC?nC?nC?nC?nC?nC?nC?nC?nC?pC?nC?nC?nC?nC?nC?nC??bR?bR?bR?bR?bR?`R?bR?bR?bR?bR??,40.7223,-74.0009,40.7223,-74.0009,7.88935437027339,Lower Manhattan
R033,Trail,16.5,93.0,4.23,0.563636363636022,0.0171428571428571,1.0,0.0,0.0,0.0,1.0,0.0,0.4761904761904761,0.0952380952380952,0.1428571428571428,0.2857142857142857,0.2857142857142857,0.7142857142857143,2,cvwwFzeqbMoC?oC?oC?oC?oC?oC?qC?oC?oC?oC?oC?oC?oC?oC?oC?oC?oC?oC?oC?oC?qC?oC?oC?oC?oC?oC?oC?oC?oC?oC?oC?oC?oC?oC??cR?cR?cR?cR?aR?cR?cR?cR?cR?cR?cR?cR?aR?cR?cR?cR?cR?cR?cR?cR?cRnC?nC?nC?nC?nC?nC?nC?nC?nC?nC?nC?nC?nC?pC?nC?nC?nC?nC?nC?nC?nC?nC?nC?nC?nC?nC?nC?pC?nC?nC?nC?nC?nC?nC??bR?bR?bR?bR?bR?bR?bR?bR?`R?bR?bR?bR?bR?bR?bR?bR?`R?bR?bR?bR?bR??,40.7589,-73.9851,40.7589,-73.9851,16.288620666232717,Midtown Manhattan
R034,Road,15.13,0.0,2.49,0.0,0.0185988840669559,1.0,0.0,0.0,0.0,1.0,0.0,0.2916666666666667,0.1666666666666666,0.2916666666666667,0.25,0.2083333333333333,0.7916666666666666,0,cl|wFdaebMkJZgJxAcJrCyIlEqIdGeIzHwHpJeH`LqGnM}F|NgFbPoEfQuDfRyCbS}BzSaBlTcAxTe@bUGfUVdUr@~TrAtTnBbTjCnSfDvRbEvQxEvPrFnOfGfN|GxLlHhK|HtIjI`HvIhF~IpDdJtBhJz@jJ?hJ{@dJuB~IqDvIiFjIaH|HuIlHiK|GyLfGgNrFoOxEwPbEwQfDwRjCoSnBcTrAuTr@_UVeUGgUe@cUcAyTaBmT}B{SyCcSuDgRoEgQgFcP}F}NqGoMeHaLwHqJeI{HqIeGyImEcJsCgJyAkJ[,40.7829,-73.92290563019446,40.7829,-73.92290563019446,19.013820558197207,Central Park Loop
R035,Road,11.65,67.0,3.0,0.5751072961368454,0.0237154150197628,1.0,0.0,0.0,0.0,1.0,0.0,0.3809523809523809,0.0952380952380952,0.238095238095238,0.2857142857142857,0.3809523809523809,0.6190476190476191,1,{ikwFrtsbMoC?oC?oC?oC?oC?oC?qC?oC?oC?oC?oC?oC?oC?oC?oC?oC?oC?oC?oC?oC?qC?oC?oC?oC??cR?cR?cR?cR?aR?cR?cR?cR?cR?cR?cR?cR?aR?cRnC?nC?nC?pC?nC?nC?nC?nC?nC?nC?nC?nC?nC?nC?nC?nC?nC?pC?nC?nC?nC?nC?nC?nC??bR?`R?bR?bR?bR?bR?bR?bR?bR?`R?bR?bR?bR?bR??,40.6955,-73.9977,40.6955,-73.9977,11.079722725912132,Brooklyn Heights
R036,Road,11.21,161.0,3.85,1.4362176627997891,0.0245700245700245,1.0,0.0,0.0,0.0,1.0,0.0,0.15,0.2,0.3,0.35,0.25,0.75,2,gmdwFn|gbMgJd@cJtByIbEkIlG{HtIeHvKmGvMoFlOoE~PmDhRiCjScBdT{@vTS`UR`Uz@vTbBdThCjSlDhRnE~PnFlOlGvMdHvKzHtIjIlGxIbEbJtBfJd@fJe@bJuBxIcEjImGzHuIdHwKlGwMnFmOnE_QlDiRhCkSbBeTz@wTRaUSaU{@wTcBeTiCkSmDiRoE_QoFmOmGwMeHwK{HuIkImGyIcEcJuBgJe@,40.6602,-73.93751540743423,40.6602,-73.93751540743423,14.10089862053871,Prospect Park Loop
R037,Mixed,3.9100000000000006,192.0,2.7,4.910485933491278,0.0610997963340122,0.0,1.0,0.0,0.0,0.0,1.0,0.1818181818181818,0.1818181818181818,0.2727272727272727,0.3636363636363636,0.0909090909090909,0.9090909090909092,1,wexwF~vobMoIkCmIkCoIkCoIkCoImCmIkCoIkCoIkCoIkCmIkClIjCnIjCnIjCnIjClIjCnIlCnIjCnIjClIjCnIjC??,40.7614,-73.9776,40.7614,-73.9776,3.909139982136513,East River Path
R038,Road,6.88,111.0,2.49,1.6133720930209108,0.0380710659898477,1.0,0.0,0.0,0.0,0.0,1.0,0.3888888888888889,0.3333333333333333,0.1111111111111111,0.1666666666666666,0.2777777777777778,0.7222222222222222,1,swuwFrbrbMeCuWeCuWgCuWeCuWeCuWeCuWgCuWeCwWeCuWeCuWdCtWdCtWdCvWfCtWdCtWdCtWdCtWfCtWdCtWdCtW??,40.7489,-73.9897,40.7489,-73.9897,6.83768342343459,Hudson River Greenway
R039,Road,1.0,47.0,-0.09,4.699999999953,0.15,0.0,1.0,0.0,0.0,0.0,1.0,0.1875,0.25,0.25,0.3125,0.3125,0.6875,0,sxmwFzvkbMoC?oC?oC?oC?oC?oC?nC?nC?nC?nC?nC?nC???,40.7081,-73.9571,40.7081,-73.9571,0.9604178310899293,Williamsburg Grid
R040,Mixed,8.04,97.0,2.58,1.2064676616900418,0.0331858407079646,1.0,0.0,0.0,0.0,1.0,0.0,0.2105263157894736,0.1578947368421052,0.2105263157894736,0.4210526315789473,0.4210526315789473,0.5789473684210527,1,kqpwFrhtbMoC?oC?oC?oC?oC?oC?qC?oC?oC?oC?oC?oC?oC?oC?oC?oC??cR?cR?cR?cR?aR?cR?cR?cR?cR?cRnC?nC?nC?nC?nC?nC?nC?nC?nC?pC?nC?nC?nC?nC?nC?nC??bR?bR?bR?bR?bR?`R?bR?bR?bR?bR??,40.7223,-74.0009,40.7223,-74.0009,7.729311948202673,Lower Manhattan
R041,Road,6.93,142.0,2.8,2.0490620490590925,0.0378310214375788,0.0,1.0,0.0,0.0,0.0,1.0,0.2105263157894736,0.2631578947368421,0.3157894736842105,0.2105263157894736,0.3684210526315789,0.631578947368421,1,cvwwFzeqbM?cR?cR?cR?cR?aR?cR?cR?cR?cR?cR?cR?cR?aR?`R?bR?bR?bR?bR?bR?bR?bR?`R?bR?bR?bR?bR??,40.7589,-73.9851,40.7589,-73.9851,6.71554473341927,Midtown Manhattan
R042,Road,13.7,139.0,4.13,1.0145985401452446,0.0204081632653061,1.0,0.0,0.0,0.0,1.0,0.0,0.0909090909090909,0.1363636363636363,0.3181818181818182,0.4545454545454545,0.3636363636363636,0.6363636363636364,2,cl|wFfzebMiJ`@gJ`BaJ`DwI`FkI~G{HxIkHnKuGdMaGvNgF`PkEhQoDlRsChSqB`TsArTq@~TOdUNdUp@~TrArTpB`TrChSnDlRjEhQfF`P`GvNtGdMjHnKzHxIjI~GvI`F`J`DfJ`BhJ`@hJa@fJaB`JaDvIaFjI_HzHyIjHoKtGeM`GwNfFaPjEiQnDmRrCiSpBaTrAsTp@_UNeUOeUq@_UsAsTqBaTsCiSoDmRkEiQgFaPaGwNuGeMkHoK{HyIkI_HwIaFaJaDgJaBiJa@,40.7829,-73.92692195199366,40.7829,-73.92692195199366,17.21565439861828,Central Park Loop
R043,Road,5.11,182.0,2.84,3.561643835609468,0.0490998363338788,0.0,1.0,0.0,0.0,0.0,1.0,0.238095238095238,0.0952380952380952,0.2857142857142857,0.3809523809523809,0.3333333333333333,0.6666666666666666,1,{ikwFrtsbM?cR?cR?cR?cR?aR?cR?cR?cR?cR?bR?bR?bR?bR?`R?bR?bR?bR?bR??,40.6955,-73.9977,40.6955,-73.9977,4.653637553044367,Brooklyn Heights
R044,Road,6.81,59.0,1.96,0.8663729809091537,0.0384122919334186,1.0,0.0,0.0,0.0,0.0,1.0,0.2857142857142857,0.238095238095238,0.238095238095238,0.238095238095238,0.238095238095238,0.7619047619047619,0,gmdwFtijbMeJ`A{I~DaIzH_HhLqFfO}DvQaCrSaAtT?~T`AtT`CrS|DvQpFfO~GhL`IzHzI~DdJ`AdJaAzI_E`I{H~GiLpFgO|DwQ`CsS`AuT?_UaAuTaCsS}DwQqFgO_HiLaI{H{I_EeJaA,40.6602,-73.94987332066253,40.6602,-73.94987332066253,8.55850606857418,Prospect Park Loop
R045,Trail,5.3,84.0,1.9,1.584905660374368,0.0476190476190476,1.0,0.0,0.0,0.0,0.0,1.0,0.35,0.25,0.2,0.2,0.3,0.7,0,wexwF~vobMzD{PzD}P|D{PzD}PzD{PzD}PzD{P|D}PzD{PzD}P{D|P{DzP}D|P{DzP{D|P{DzP{D|P}DzP{D|P{DzP??,40.7614,-73.9776,40.7614,-73.9776,5.271102398732781,East River Path
R046,Road,5.37,206.0,3.13,3.836126629415576,0.0470957613814756,0.0,1.0,0.0,0.0,0.0,1.0,0.217391304347826,0.1304347826086956,0.217391304347826,0.4347826086956521,0.2608695652173913,0.7391304347826086,1,swuwFrbrbMzBaRxBcRzBaRzBcRzBaRxBaRzBcRzBaRzBcRxBaRyB`R{BbR{B`R{BbRyB`R{B`R{BbR{B`RyBbR{B`R??,40.7489,-73.9897,40.7489,-73.9897,5.338127092991032,Hudson River Greenway
R047,Trail,11.92,133.0,3.71,1.1157718120796007,0.023219814241486,1.0,0.0,0.0,0.0,1.0,0.0,0.2941176470588235,0.1764705882352941,0.1764705882352941,0.3529411764705882,0.2941176470588235,0.7058823529411765,2,sxmwFzvkbMoC?oC?oC?oC?oC?oC?qC?oC?oC?oC?oC?oC?oC?oC?oC?oC?oC?oC?oC?oC?qC?oC?oC?oC??cR?cR?cR?cR?aR?cR?cR?cR?cR?cR?cR?cR?aR?cR?cRnC?nC?nC?pC?nC?nC?nC?nC?nC?nC?nC?nC?nC?nC?nC?nC?nC?pC?nC?nC?nC?nC?nC?nC??bR?bR?`R?bR?bR?bR?bR?bR?bR?bR?`R?bR?bR?bR?bR??,40.7081,-73.9571,40.7081,-73.9571,11.595273460299595,Williamsburg Grid
R048,Trail,1.36,14.0,0.41,1.0294117646983132,0.1271186440677965,1.0,0.0,0.0,0.0,0.0,1.0,0.1666666666666666,0.1666666666666666,0.2916666666666667,0.375,0.4166666666666667,0.5833333333333334,0,kqpwFrhtbM?cR?cR?bR?bR??,40.7223,-74.0009,40.7223,-74.0009,1.0337271732533484,Lower Manhattan
R049,Road,1.0,124.0,1.37,12.399999999875998,0.15,0.0,0.0,0.0,1.0,0.0,1.0,0.0952380952380952,0.1904761904761904,0.2857142857142857,0.4285714285714285,0.238095238095238,0.7619047619047619,0,cvwwFzeqbMnC?nC?nC?nC?nC?nC?oC?oC?oC?oC?oC?oC???,40.7589,-73.9851,40.7589,-73.9851,0.9604255894902789,Midtown Manhattan
R050,Road,19.19,44.0,4.28,0.2292860865032676,0.0148588410104011,1.0,0.0,0.0,0.0,1.0,0.0,0.4666666666666667,0.1333333333333333,0.2666666666666666,0.1333333333333333,0.2666666666666666,0.7333333333333333,1,cl|wFzybbMkJViJdAeJtBaJbD{InEsI|FkIhH_IpIsHzJeHbLwGfMgGjNuFjOcFhPoEfQ}D`RgDvRqCjS{B|ScBlTmAvTu@`U]dUEfUPfUh@bU`A|TvApTpBdTdCtS|CbSpDjRfErQxExPlFzO|FzNnGxM~GtLjHnKxHfJdI|HnIrGvIfF~IxDbJjCfJ|AjJn@jJ?jJo@fJ}AbJkC~IyDvIgFnIsGdI}HxHgJjHoK~GuLnGyM|F{NlF{OxEyPfEsQpDkR|CcSdCuSpBeTvAqT`A}Th@cUPgUEgU]eUu@aUmAwTcBmT{B}SqCkSgDwR}DaRoEgQcFiPuFkOgGkNwGgMeHcLsH{J_IqIkIiHsI}F{IoEaJcDeJuBiJeAkJW,40.7829,-73.91150264662471,40.7829,-73.91150264662471,24.11866579116591,Central Park Loop
R051,Road,17.09,156.0,4.98,0.9128145114096472,0.0165837479270315,1.0,0.0,0.0,0.0,1.0,0.0,0.3225806451612903,0.2258064516129032,0.1612903225806451,0.2903225806451613,0.4193548387096774,0.5806451612903226,4,{ikwFrtsbMoC?oC?oC?oC?oC?oC?qC?oC?oC?oC?oC?oC?oC?oC?oC?oC?oC?oC?oC?oC?qC?oC?oC?oC?oC?oC?oC?oC?oC?oC?oC?oC?oC?oC?qC??cR?cR?cR?cR?aR?cR?cR?cR?cR?cR?cR?cR?aR?cR?cR?cR?cR?cR?cR?cR?cRpC?nC?nC?nC?nC?nC?nC?nC?nC?nC?nC?nC?nC?nC?pC?nC?nC?nC?nC?nC?nC?nC?nC?nC?nC?nC?nC?nC?pC?nC?nC?nC?nC?nC?nC??bR?bR?bR?bR?bR?bR?bR?bR?`R?bR?bR?bR?bR?bR?bR?bR?`R?bR?bR?bR?bR??,40.6955,-73.9977,40.6955,-73.9977,16.45887463095695,Brooklyn Heights
R052,Mixed,7.86,294.0,4.52,3.740458015262417,0.0338600451467268,0.0,1.0,0.0,0.0,0.0,1.0,0.1538461538461538,0.2307692307692307,0.1538461538461538,0.4615384615384615,0.2307692307692307,0.7692307692307693,3,gmdwFfwibMiJx@_JhDmItGqHzJoGvMcFdPuDfR_CvSiAvTMdUj@`UbBhTzC`SlEfQzF~N`HjL~HhIvI~EdJpBjJ?dJqBvI_F~HiI`HkLzF_OlEgQzCaSbBiTj@aUMeUiAwT_CwSuDgRcFePoGwMqH{JmIuG_JiDiJy@,40.6602,-73.9469242731876,40.6602,-73.9469242731876,9.881474850167006,Prospect Park Loop
R053,Road,8.94,128.0,3.07,1.4317673378060047,0.0301810865191146,1.0,0.0,0.0,0.0,1.0,0.0,0.2307692307692307,0.2692307692307692,0.3076923076923077,0.1923076923076923,0.4230769230769231,0.5769230769230769,1,wexwF~vobMhQfG~QvChR`AhRXjRp@bRzBnQfFpPtIjOlLtNxMvNtMpObLvPfIrQtEdRlBjRh@hRZhRjA|QfDbQxG~O`K`OdMpN|M`OdM`P~JbQvG,40.7614,-73.9776,40.6869379970393,-74.01126842051157,8.93591386271863,East River Path
R054,Road,11.769999999999998,0.0,2.24,0.0,0.0234925606891151,1.0,0.0,0.0,0.0,1.0,0.0,0.2962962962962963,0.1851851851851851,0.2222222222222222,0.2962962962962963,0.2592592592592592,0.7407407407407407,0,swuwFrbrbMtOtJxPlGjQ|DpQvCnQjD~PrF`PvIrN|LfMhOjLnPlLjPlM~NzNnLfPfIbQfFnQdDpQxChQdEtP|GlOdK~M`NxL~OfLpPxL~O~M~MnObKtPzGjQdEpQxCnQdDbQfFdPhIxNpLlM`OlLjP,40.7489,-73.9897,40.65668055646439,-74.05168300379363,11.758275116591175,Hudson River Greenway
R055,Trail,16.18,67.0,3.91,0.4140914709515363,0.0174621653084982,1.0,0.0,0.0,0.0,1.0,0.0,0.391304347826087,0.217391304347826,0.2608695652173913,0.1304347826086956,0.3043478260869565,0.6956521739130435,1,sxmwFzvkbMoC?oC?oC?oC?oC?oC?qC?oC?oC?oC?oC?oC?oC?oC?oC?oC?oC?oC?oC?oC?qC?oC?oC?oC?oC?oC?oC?oC?oC?oC?oC?oC?oC??cR?cR?cR?cR?aR?cR?cR?cR?cR?cR?cR?cR?aR?cR?cR?cR?cR?cR?cR?cRnC?nC?nC?nC?nC?nC?nC?nC?nC?nC?nC?nC?pC?nC?nC?nC?nC?nC?nC?nC?nC?nC?nC?nC?nC?nC?pC?nC?nC?nC?nC?nC?nC??bR?bR?bR?bR?bR?bR?bR?`R?bR?bR?bR?bR?bR?bR?bR?`R?bR?bR?bR?bR??,40.7081,-73.9571,40.7081,-73.9571,15.619935587848735,Williamsburg Grid
R056,Trail,15.53,0.0,2.7,0.0,0.0181488203266787,1.0,0.0,0.0,0.0,1.0,0.0,0.5,0.0714285714285714,0.0714285714285714,0.3571428571428571,0.4285714285714285,0.5714285714285714,0,kqpwFrhtbMoC?oC?oC?oC?oC?oC?qC?oC?oC?oC?oC?oC?oC?oC?oC?oC?oC?oC?oC?oC?qC?oC?oC?oC?oC?oC?oC?oC?oC?oC?oC?oC??cR?cR?cR?cR?aR?cR?cR?cR?cR?cR?cR?cR?aR?cR?cR?cR?cR?cR?cRnC?nC?nC?nC?nC?nC?nC?nC?nC?nC?nC?pC?nC?nC?nC?nC?nC?nC?nC?nC?nC?nC?nC?nC?nC?pC?nC?nC?nC?nC?nC?nC??bR?bR?bR?bR?bR?bR?`R?bR?bR?bR?bR?bR?bR?bR?`R?bR?bR?bR?bR??,40.7223,-74.0009,40.7223,-74.0009,14.94096233693557,Lower Manhattan
R057,Road,17.76,205.0,5.6,1.1542792792786294,0.0159914712153518,1.0,0.0,0.0,0.0,1.0,0.0,0.4375,0.3125,0.0625,0.1875,0.25,0.75,5,cvwwFzeqbMoC?oC?oC?oC?oC?oC?qC?oC?oC?oC?oC?oC?oC?oC?oC?oC?oC?oC?oC?oC?qC?oC?oC?oC?oC?oC?oC?oC?oC?oC?oC?oC?oC?oC?qC?oC?oC??cR?cR?cR?cR?aR?cR?cR?cR?cR?cR?cR?cR?aR?cR?cR?cR?cR?cR?cR?cR?cR?aRnC?nC?pC?nC?nC?nC?nC?nC?nC?nC?nC?nC?nC?nC?nC?nC?pC?nC?nC?nC?nC?nC?nC?nC?nC?nC?nC?nC?nC?nC?pC?nC?nC?nC?nC?nC?nC??`R?bR?bR?bR?bR?bR?bR?bR?bR?`R?bR?bR?bR?bR?bR?bR?bR?`R?bR?bR?bR?bR??,40.7589,-73.9851,40.7589,-73.9851,17.285137059005702,Midtown Manhattan
R058,Trail,14.42,38.0,3.26,0.2635228848819254,0.0194552529182879,1.0,0.0,0.0,0.0,1.0,0.0,0.3181818181818182,0.0909090909090909,0.3181818181818182,0.2727272727272727,0.4090909090909091,0.5909090909090909,0,cl|wFrmebMgJ\eJ|A_JvCwIrEmIlG_IfIoHxJ}GnLiGzMsFhO{EnPaErQeDpRiClSkB`TmApTo@zTO`UN`Un@zTlApTjB`ThClSdDpR`ErQzEnPrFhOhGzM|GnLnHxJ~HfIlIlGvIrE~IvCdJ|AfJ\fJ]dJ}A~IwCvIsElImG~HgInHyJ|GoLhG{MrFiOzEoP`EsQdDqRhCmSjBaTlAqTn@{TNaUOaUo@{TmAqTkBaTiCmSeDqRaEsQ{EoPsFiOiG{M}GoLoHyJ_IgImImGwIsE_JwCeJ}AgJ],40.7829,-73.92489974801086,40.7829,-73.92489974801086,18.121115115672346,Central Park Loop
R059,Trail,11.53,18.0,2.49,0.1561144839547648,0.0239425379090183,1.0,0.0,0.0,0.0,1.0,0.0,0.32,0.2,0.28,0.2,0.2,0.8,0,{ikwFrtsbMoC?oC?oC?oC?oC?oC?qC?oC?oC?oC?oC?oC?oC?oC?oC?oC?oC?oC?oC?oC?qC?oC?oC?oC??cR?cR?cR?cR?aR?cR?cR?cR?cR?cR?cR?cR?aR?cRnC?nC?nC?pC?nC?nC?nC?nC?nC?nC?nC?nC?nC?nC?nC?nC?nC?pC?nC?nC?nC?nC?nC?nC??bR?`R?bR?bR?bR?bR?bR?bR?bR?`R?bR?bR?bR?bR??,40.6955,-73.9977,40.6955,-73.9977,11.079722725912132,Brooklyn Heights
R060,Road,17.54,0.0,3.3199999999999994,0.0,0.0161812297734627,1.0,0.0,0.0,0.0,1.0,0.0,0.3,0.15,0.25,0.3,0.25,0.75,0,gmdwFjmdbMiJXiJjAeJ~B}IpDyI`FmIrGcI`IwHlJgHxKwGbMgGfNuFlO_FlPkEjQuDfR}C`SeCrSmBdTsArT{@|T_@bUGfURdUl@`UfAxT`BjTxB|SpCjShDrR~DzQvE|PhF|O|FxNpGvM~GlLnHbK|HvIhIjHrIxFzIjE`JvCfJdBhJr@jJ?hJs@fJeB`JwCzIkErIyFhIkH|HwInHcK~GmLpGwM|FyNhF}OvE}P~D{QhDsRpCkSxB}S`BkTfAyTl@aUReUGgU_@cU{@}TsAsTmBeTeCsS}CaSuDgRkEkQ_FmPuFmOgGgNwGcMgHyKwHmJcIaImIsGyIaF}IqDeJ_CiJkAiJY,40.6602,-73.91973686408531,40.6602,-73.91973686408531,22.07009457333256,Prospect Park Loop
R061,Road,3.86,0.0,0.29,0.0,0.0617283950617284,1.0,0.0,0.0,0.0,0.0,1.0,0.4210526315789473,0.1052631578947368,0.1052631578947368,0.3684210526315789,0.3684210526315789,0.631578947368421,0,wexwF~vobM}GaG_H_G}GaG}G_G_HaG}G_G}GaG_H_G}GaG}GaG|G`G|G`G~G~F|G`G|G~F~G`G|G~F|G`G~G~F|G`G??,40.7614,-73.9776,40.7614,-73.9776,3.852873672154496,East River Path
R062,Road,7.22,186.0,3.3,2.576177285314992,0.0364963503649635,0.0,1.0,0.0,0.0,0.0,1.0,0.375,0.375,0.0625,0.1875,0.3125,0.6875,2,swuwFrbrbMtJvTrJvTtJvTrJtTtJvTrJvTtJvTtJvTrJvTtJvTuJwTsJwTuJwTuJwTsJwTuJwTsJuTuJwTsJwTuJwT??,40.7489,-73.9897,40.7489,-73.9897,7.190623076477504,Hudson River Greenway
R063,Trail,10.82,199.0,4.15,1.839186691310685,0.0253807106598984,1.0,0.0,0.0,0.0,1.0,0.0,0.2105263157894736,0.3157894736842105,0.1578947368421052,0.3157894736842105,0.3684210526315789,0.631578947368421,3,sxmwFzvkbMoC?oC?oC?oC?oC?oC?qC?oC?oC?oC?oC?oC?oC?oC?oC?oC?oC?oC?oC?oC?qC?oC??cR?cR?cR?cR?aR?cR?cR?cR?cR?cR?cR?cR?aRnC?pC?nC?nC?nC?nC?nC?nC?nC?nC?nC?nC?nC?nC?nC?pC?nC?nC?nC?nC?nC?nC??`R?bR?bR?bR?bR?bR?bR?bR?`R?bR?bR?bR?bR??,40.7081,-73.9571,40.7081,-73.9571,10.241392820156578,Williamsburg Grid
R064,Road,17.69,231.0,5.85,1.305822498586034,0.0160513643659711,1.0,0.0,0.0,0.0,1.0,0.0,0.5185185185185185,0.1481481481481481,0.074074074074074,0.2592592592592592,0.2592592592592592,0.7407407407407407,6,kqpwFrhtbMoC?oC?oC?oC?oC?oC?qC?oC?oC?oC?oC?oC?oC?oC?oC?oC?oC?oC?oC?oC?qC?oC?oC?oC?oC?oC?oC?oC?oC?oC?oC?oC?oC?oC?qC?oC??cR?cR?cR?cR?aR?cR?cR?cR?cR?cR?cR?cR?aR?cR?cR?cR?cR?cR?cR?cR?cR?aRnC?pC?nC?nC?nC?nC?nC?nC?nC?nC?nC?nC?nC?nC?nC?pC?nC?nC?nC?nC?nC?nC?nC?nC?nC?nC?nC?nC?nC?pC?nC?nC?nC?nC?nC?nC??`R?bR?bR?bR?bR?bR?bR?bR?bR?`R?bR?bR?bR?bR?bR?bR?bR?`R?bR?bR?bR?bR??,40.7223,-74.0009,40.7223,-74.0009,17.131322624033253,Lower Manhattan
R065,Trail,11.51,120.0,3.51,1.0425716768018745,0.0239808153477218,1.0,0.0,0.0,0.0,1.0,0.0,0.1764705882352941,0.0588235294117647,0.3529411764705882,0.4117647058823529,0.3529411764705882,0.6470588235294118,2,cvwwFzeqbMoC?oC?oC?oC?oC?oC?qC?oC?oC?oC?oC?oC?oC?oC?oC?oC?oC?oC?oC?oC?qC?oC?oC??cR?cR?cR?cR?aR?cR?cR?cR?cR?cR?cR?cR?aR?cRnC?nC?pC?nC?nC?nC?nC?nC?nC?nC?nC?nC?nC?nC?nC?nC?pC?nC?nC?nC?nC?nC?nC??bR?`R?bR?bR?bR?bR?bR?bR?bR?`R?bR?bR?bR?bR??,40.7589,-73.9851,40.7589,-73.9851,10.912864800594022,Midtown Manhattan
R066,Road,13.159999999999998,141.0,4.05,1.0714285714277572,0.0211864406779661,1.0,0.0,0.0,0.0,1.0,0.0,0.3181818181818182,0.2272727272727272,0.2272727272727272,0.2272727272727272,0.4090909090909091,0.5909090909090909,2,cl|wFvcfbMkJ`@iJfBaJhDwIlFiIjHyHhJgHbLoGxMwFjO}EtP_E~QaD~RaCzS}AnT}@~TYhUFhUj@bUlAxTpBfTpClSnDnRnEjQhF`PdGrNzG|LnHfKbIjIpIlGzIjEdJfCjJdAjJ?jJeAdJgCzIkEpImGbIkInHgKzG}LdGsNhFaPnEkQnDoRpCmSpBgTlAyTj@cUFiUYiU}@_U}AoTaC{SaD_S_E_R}EuPwFkOoGyMgHcLyHiJiIkHwImFaJiDiJgBkJa@,40.7829,-73.92843860498078,40.7829,-73.92843860498078,16.536525552570914,Central Park Loop
R067,Trail,12.97,93.0,3.52,0.7170393215106268,0.0214745884037222,1.0,0.0,0.0,0.0,1.0,0.0,0.1904761904761904,0.1904761904761904,0.3333333333333333,0.2857142857142857,0.2857142857142857,0.7142857142857143,1,{ikwFrtsbMoC?oC?oC?oC?oC?oC?qC?oC?oC?oC?oC?oC?oC?oC?oC?oC?oC?oC?oC?oC?qC?oC?oC?oC?oC?oC?oC??cR?cR?cR?cR?aR?cR?cR?cR?cR?cR?cR?cR?aR?cR?cR?cRnC?nC?nC?nC?nC?nC?pC?nC?nC?nC?nC?nC?nC?nC?nC?nC?nC?nC?nC?nC?pC?nC?nC?nC?nC?nC?nC??bR?bR?bR?`R?bR?bR?bR?bR?bR?bR?bR?`R?bR?bR?bR?bR??,40.6955,-73.9977,40.6955,-73.9977,12.593806090503543,Brooklyn Heights
R068,Road,16.71,0.0,3.27,0.0,0.0169395821569734,1.0,0.0,0.0,0.0,1.0,0.0,0.5294117647058824,0.2941176470588235,0.0588235294117647,0.1176470588235294,0.3529411764705882,0.6470588235294118,0,gmdwF|{dbMiJXgJnAcJdC}IxDuIlFkI~G_IlIqH|JaHjLoGrM}FxNiF~OsE~P}D|QeDvRkCnSqB`TwAnT}@zTa@bUEdURbUn@`UhAtTdBhT~BxSvCbSpDhRfEnQ~EnPrFlOfGfNxG~LhHrKvHdJdIvHpIfGxIpE~I~CfJjBfJt@jJ?fJu@fJkB~I_DxIqEpIgGdIwHvHeJhHsKxG_MfGgNrFmO~EoPfEoQpDiRvCcS~BySdBiThAuTn@aURcUEeUa@cU}@{TwAoTqBaTkCoSeDwR}D}QsE_QiF_P}FyNoGsMaHkLqH}J_ImIkI_HuImF}IyDcJeCgJoAiJY,40.6602,-73.92206801589883,40.6602,-73.92206801589883,21.02527764483779,Prospect Park Loop
R069,Road,8.51,58.0,2.28,0.6815511163329241,0.0315457413249211,1.0,0.0,0.0,0.0,1.0,0.0,0.2222222222222222,0.2777777777777778,0.2222222222222222,0.2777777777777778,0.1666666666666666,0.8333333333333334,0,wexwF~vobMmQ{E_RkBcRSeRNeRCaRoAsQyDwPkHyOcKaOqLeOmL}OwJ}P{GuQiDcRaAeRBcRLeR_@}QyBiQmFiPuIkO}KaOuLmO{KkPuI,40.7614,-73.9776,40.83346642395143,-73.95074398706971,8.506433016446,East River Path
R070,Trail,11.34,109.0,3.36,0.96119929453178,0.0243111831442463,1.0,0.0,0.0,0.0,1.0,0.0,0.1538461538461538,0.3076923076923077,0.2307692307692307,0.3076923076923077,0.3846153846153846,0.6153846153846154,1,swuwFrbrbMNoWcAkWeC}V_DsVqCwVyAgWIqWnAgWvCwV|DgVxDiVnC{V`AiWSqWeBcWuCwV_DuV}B}Vy@mW^oWpBaWjDoV`EeVjDoVpBaWZoWy@mW_C}V}CuVuCwVcBeWSoWbAkWnCyV,40.7489,-73.9897,40.74873075287958,-73.85910394436837,11.270292397806124,Hudson River Greenway
R071,Trail,1.0,79.0,0.7,7.899999999920999,0.15,0.0,0.0,1.0,0.0,0.0,1.0,0.3125,0.25,0.125,0.3125,0.3125,0.6875,0,sxmwFzvkbMnC?nC?nC?nC?nC?nC?oC?oC?oC?oC?oC?oC???,40.7081,-73.9571,40.7081,-73.9571,0.9604171093112629,Williamsburg Grid
R072,Road,7.57,0.0,1.12,0.0,0.0350058343057176,1.0,0.0,0.0,0.0,0.0,1.0,0.6086956521739131,0.1739130434782608,0.0434782608695652,0.1739130434782608,0.3478260869565217,0.6521739130434783,0,kqpwFrhtbMnC?nC?nC?nC?nC?nC?pC?nC?nC?nC?nC?nC?nC?nC?nC?nC?nC?nC?nC?nC?pC?nC?nC?nC?nC?nC?nC?nC?nC?nC?nC?nC?nC?nC?pC?nC?nC?nC?nC?nC?nC?nC?nC?nC?nC?nC?nC?oC?oC?oC?oC?oC?oC?oC?oC?oC?oC?oC?oC?qC?oC?oC?oC?oC?oC?oC?oC?oC?oC?oC?oC?oC?oC?qC?oC?oC?oC?oC?oC?oC?oC?oC?oC?oC?oC?oC?oC?qC?oC?oC?oC?oC?oC?oC???,40.7223,-74.0009,40.7223,-74.0009,7.523266605122058,Lower Manhattan
R073,Road,10.2,66.0,2.7000000000000006,0.6470588235287774,0.0267857142857142,1.0,0.0,0.0,0.0,1.0,0.0,0.3333333333333333,0.125,0.375,0.1666666666666666,0.4583333333333333,0.5416666666666666,1,cvwwFzeqbMoC?oC?oC?oC?oC?oC?qC?oC?oC?oC?oC?oC?oC?oC?oC?oC?oC?oC?oC?oC?qC??cR?cR?cR?cR?aR?cR?cR?cR?cR?cR?cR?cR?aRpC?nC?nC?nC?nC?nC?nC?nC?nC?nC?nC?nC?nC?nC?pC?nC?nC?nC?nC?nC?nC??`R?bR?bR?bR?bR?bR?bR?bR?`R?bR?bR?bR?bR??,40.7589,-73.9851,40.7589,-73.9851,10.076278296581043,Midtown Manhattan
R074,Road,11.06,224.0,4.45,2.0253164556943712,0.0248756218905472,0.0,1.0,0.0,0.0,1.0,0.0,0.391304347826087,0.2608695652173913,0.1739130434782608,0.1739130434782608,0.1304347826086956,0.8695652173913043,3,cl|wFrhgbMiJf@cJvB{IfEmIrGyH|IeH~KiG~MmFvOkEhQiDrRaCrS{AlTs@|TIdU\`UfAvTnB`TtCdSzD|Q|EpPzF|NvG~LnH~JdIvHrInF`J~CdJnAjJ?dJoA`J_DrIoFdIwHnH_KvG_MzF}N|EqPzD}QtCeSnBaTfAwT\aUIeUs@}T{AmTaCsSiDsRkEiQmFwOiG_NeH_LyH}ImIsG{IgEcJwBiJg@,40.7829,-73.93433669993065,40.7829,-73.93433669993065,13.895571692727723,Central Park Loop
R075,Road,9.4,145.0,3.33,1.5425531914877206,0.0288461538461538,1.0,0.0,0.0,0.0,1.0,0.0,0.5555555555555556,0.1666666666666666,0.0,0.2777777777777778,0.2222222222222222,0.7777777777777778,2,{ikwFrtsbMoC?oC?oC?oC?oC?oC?qC?oC?oC?oC?oC?oC?oC?oC?oC?oC?oC?oC?oC??cR?cR?cR?cR?aR?cR?cR?cR?cR?cR?cR?cRnC?nC?nC?nC?nC?nC?nC?nC?nC?nC?nC?nC?pC?nC?nC?nC?nC?nC?nC??bR?bR?bR?bR?bR?bR?bR?`R?bR?bR?bR?bR??,40.6955,-73.9977,40.6955,-73.9977,9.24553371895828,Brooklyn Heights
R076,Trail,17.92,15.0,3.73,0.0837053571428104,0.0158562367864693,1.0,0.0,0.0,0.0,1.0,0.0,0.45,0.1,0.2,0.25,0.4,0.6,0,gmdwFtfdbMiJViJjAcJzB_JlDwI|EoIlGeIxHwHfJkHnK{GxLkG~MyFbOeFbPqEbQ{D|QeDvRoCjSwB|S}AlTeAxTk@~TSdUDdU^bUx@|TpArTjBdT`CtSzCbSpDhRdEpQ|ErPnFrO`GpNrGlMbHdLpHzJ~HnIhIbHrItF|IdE`JtCdJbBhJp@jJ?hJq@dJcB`JuC|IeErIuFhIcH~HoIpH{JbHeLrGmM`GqNnFsO|EsPdEqQpDiRzCcS`CuSjBeTpAsTx@}T^cUDeUSeUk@_UeAyT}AmTwB}SoCkSeDwR{D}QqEcQeFcPyFcOkG_N{GyLkHoKwHgJeIyHoImGwI}E_JmDcJ{BiJkAiJW,40.6602,-73.91866958976105,40.6602,-73.91866958976105,22.548455755193363,Prospect Park Loop
R077,Trail,8.23,0.0,1.36,0.0,0.0325027085590465,1.0,0.0,0.0,0.0,1.0,0.0,0.2857142857142857,0.1904761904761904,0.2857142857142857,0.238095238095238,0.1904761904761904,0.8095238095238095,0,wexwF~vobMgB{W{D_W{F_VuGoUgGyUqEwVaCsWe@eXb@eXlA_XhA_XZeXs@cXmCqW}EqVkGuUsGqUsFcVqDeWyA}WAeXx@cXpA_Xx@cX,40.7614,-73.9776,40.77401578462128,-73.88443430346214,8.178898994130035,East River Path
R078,Road,12.57,66.0,3.18,0.525059665870704,0.0221075902726602,1.0,0.0,0.0,0.0,1.0,0.0,0.2941176470588235,0.2352941176470588,0.1764705882352941,0.2941176470588235,0.1176470588235294,0.8823529411764706,1,swuwFrbrbM|CbWnF~UjHvTdIdTtHnTbGrUtDxV~AtWR~WS|WQ~W\|WjBpW`EtVlGlUzHjTbIfTdHzTbFdVnCfWz@zWA~WY|W?~Wz@zWpCfWdFbVdH|TbIdTxHlTlGlU`EtVhBpWZ~WQ|WS~WT|W,40.7489,-73.9897,40.72017950816772,-74.12928090879876,12.501086549647868,Hudson River Greenway
R079,Road,11.29,250.0,4.75,2.214348981397507,0.0244100895036615,0.0,1.0,0.0,0.0,1.0,0.0,0.25,0.4166666666666667,0.25,0.0833333333333333,0.1666666666666666,0.8333333333333334,4,sxmwFzvkbMoC?oC?oC?oC?oC?oC?qC?oC?oC?oC?oC?oC?oC?oC?oC?oC?oC?oC?oC?oC?qC?oC?oC??cR?cR?cR?cR?aR?cR?cR?cR?cR?cR?cR?cR?aR?cRnC?nC?pC?nC?nC?nC?nC?nC?nC?nC?nC?nC?nC?nC?nC?nC?pC?nC?nC?nC?nC?nC?nC??bR?`R?bR?bR?bR?bR?bR?bR?bR?`R?bR?bR?bR?bR??,40.7081,-73.9571,40.7081,-73.9571,10.918335918165338,Williamsburg Grid
R080,Road,16.29,44.0,3.7,0.2701043585019827,0.0173510699826489,1.0,0.0,0.0,0.0,1.0,0.0,0.2,0.1333333333333333,0.2666666666666666,0.4,0.1333333333333333,0.8666666666666667,1,kqpwFrhtbMoC?oC?oC?oC?oC?oC?qC?oC?oC?oC?oC?oC?oC?oC?oC?oC?oC?oC?oC?oC?qC?oC?oC?oC?oC?oC?oC?oC?oC?oC?oC?oC?oC??cR?cR?cR?cR?aR?cR?cR?cR?cR?cR?cR?cR?aR?cR?cR?cR?cR?cR?cR?cRnC?nC?nC?nC?nC?nC?nC?nC?nC?nC?nC?nC?pC?nC?nC?nC?nC?nC?nC?nC?nC?nC?nC?nC?nC?nC?pC?nC?nC?nC?nC?nC?nC??bR?bR?bR?bR?bR?bR?bR?`R?bR?bR?bR?bR?bR?bR?bR?`R?bR?bR?bR?bR??,40.7223,-74.0009,40.7223,-74.0009,15.617751548807387,Lower Manhattan
R081,Road,6.69,121.0,2.55,1.808669656200585,0.0390117035110533,1.0,0.0,0.0,0.0,0.0,1.0,0.4117647058823529,0.2352941176470588,0.2941176470588235,0.0588235294117647,0.1764705882352941,0.8235294117647058,1,cvwwFzeqbM?bR?bR?bR?bR?`R?bR?bR?bR?bR?bR?bR?bR?cR?cR?cR?cR?cR?cR?cR?aR?cR?cR?cR?cR??,40.7589,-73.9851,40.7589,-73.9851,6.1989643693100955,Midtown Manhattan
R082,Trail,11.489999999999998,0.0,1.4900000000000002,0.0,0.0240192153722978,1.0,0.0,0.0,0.0,1.0,0.0,0.1739130434782608,0.2608695652173913,0.3478260869565217,0.217391304347826,0.3478260869565217,0.6521739130434783,0,cl|wF`agbMiJd@eJtB}I`EoIjG_IpIiHrKqGrMuFhOuE|PuDfRqChSkBfTeAxT]bUHdUp@`UxAnT|BxSbDzRfEpQdFdPbGnN|GrLtHrJfInHvIdF`JzCfJlAjJ?fJmA`J{CvIeFfIoHtHsJ|GsLbGoNdFePfEqQbD{R|BySxAoTp@aUHeU]cUeAyTkBgTqCiSuDgRuE}PuFiOqGsMiHsK_IqIoIkG}IaEeJuBiJe@,40.7829,-73.93312899477425,40.7829,-73.93312899477425,14.43635674948456,Central Park Loop
R083,Road,18.99,0.0,3.48,0.0,0.0150075037518759,1.0,0.0,0.0,0.0,1.0,0.0,0.3809523809523809,0.3333333333333333,0.1428571428571428,0.1428571428571428,0.3333333333333333,0.6666666666666666,0,{ikwFrtsbMoC?oC?oC?oC?oC?oC?qC?oC?oC?oC?oC?oC?oC?oC?oC?oC?oC?oC?oC?oC?qC?oC?oC?oC?oC?oC?oC?oC?oC?oC?oC?oC?oC?oC?qC?oC?oC?oC?oC??cR?cR?cR?cR?aR?cR?cR?cR?cR?cR?cR?cR?aR?cR?cR?cR?cR?cR?cR?cR?cR?aR?cR?cRnC?nC?nC?nC?pC?nC?nC?nC?nC?nC?nC?nC?nC?nC?nC?nC?nC?nC?pC?nC?nC?nC?nC?nC?nC?nC?nC?nC?nC?nC?nC?nC?pC?nC?nC?nC?nC?nC?nC??bR?bR?`R?bR?bR?bR?bR?bR?bR?bR?bR?`R?bR?bR?bR?bR?bR?bR?bR?`R?bR?bR?bR?bR??,40.6955,-73.9977,40.6955,-73.9977,18.64980681736246,Brooklyn Heights
R084,Trail,7.5,175.0,3.25,2.333333333330222,0.0352941176470588,0.0,1.0,0.0,0.0,0.0,1.0,0.3846153846153846,0.1538461538461538,0.0769230769230769,0.3846153846153846,0.2307692307692307,0.7692307692307693,2,gmdwFr}ibMkJz@_JrDkIdHoHnKeGlNyE~PcD|RiBhTm@dULhUlAxTfCtS|D`RpFvOzG~L|HzIvIlFfJxBjJ?fJyBvImF|H{IzG_MpFwO|DaRfCuSlAyTLiUm@eUiBiTcD}RyE_QeGmNoHoKkIeH_JsDkJ{@,40.6602,-73.94793537517901,40.6602,-73.94793537517901,9.427755582079664,Prospect Park Loop
R085,Mixed,7.16,126.0,2.69,1.7597765363103912,0.0367647058823529,1.0,0.0,0.0,0.0,0.0,1.0,0.5,0.1818181818181818,0.2272727272727272,0.0909090909090909,0.2727272727272727,0.7272727272727273,1,wexwF~vobMdR|FfR~FdR|FfR~FdR|FdR|FfR~FdR|FfR~FdR|FeR}FgR_GeR}FgR_GeR}FeR}FgR_GeR}FgR_GeR}F??,40.7614,-73.9776,40.7614,-73.9776,7.158703541541785,East River Path
R086,Road,11.81,168.0,4.04,1.4225232853501923,0.0234192037470726,1.0,0.0,0.0,0.0,1.0,0.0,0.2,0.2,0.2,0.4,0.2666666666666666,0.7333333333333333,3,swuwFrbrbM~OcJpNgMhMiOtLeP~LwOdN{MrOcKvPwGnQ{DtQgCtQmCjQgErPgHlOqK|MgN|L{OvLcPlMcOxNwLbPuIdQkFpQ_DvQcCrQ_DbQmFbPuIvN{LlMcOvLcP|L{O~MgNlOoKrPeHjQeEtQkC,40.7489,-73.9897,40.65676501525461,-73.92650707883439,11.797449685071365,Hudson River Greenway
R087,Road,24.2,158.0,6.42,0.6528925619832012,0.0119047619047619,1.0,0.0,0.0,0.0,1.0,0.0,0.3478260869565217,0.1304347826086956,0.0869565217391304,0.4347826086956521,0.3478260869565217,0.6521739130434783,5,sxmwFzvkbMoC?oC?oC?oC?oC?oC?qC?oC?oC?oC?oC?oC?oC?oC?oC?oC?oC?oC?oC?oC?qC?oC?oC?oC?oC?oC?oC?oC?oC?oC?oC?oC?oC?oC?qC?oC?oC?oC?oC?oC?oC?oC?oC?oC?oC?oC?oC?oC?qC?oC??cR?cR?cR?cR?aR?cR?cR?cR?cR?cR?cR?cR?aR?cR?cR?cR?cR?cR?cR?cR?cR?aR?cR?cR?cR?cR?cR?cR?cR?aR?cRnC?pC?nC?nC?nC?nC?nC?nC?nC?nC?nC?nC?nC?nC?nC?pC?nC?nC?nC?nC?nC?nC?nC?nC?nC?nC?nC?nC?nC?pC?nC?nC?nC?nC?nC?nC?nC?nC?nC?nC?nC?nC?nC?pC?nC?nC?nC?nC?nC?nC??bR?`R?bR?bR?bR?bR?bR?bR?bR?`R?bR?bR?bR?bR?bR?bR?bR?bR?`R?bR?bR?bR?bR?bR?bR?bR?`R?bR?bR?bR?bR??,40.7081,-73.9571,40.7081,-73.9571,24.025358781604716,Williamsburg Grid
R088,Track,14.69,97.0,3.9100000000000006,0.6603131381887948,0.0191204588910133,1.0,0.0,0.0,0.0,1.0,0.0,0.2,0.3333333333333333,0.0666666666666666,0.4,0.3333333333333333,0.6666666666666666,2,kqpwFrhtbMoC?oC?oC?oC?oC?oC?qC?oC?oC?oC?oC?oC?oC?oC?oC?oC?oC?oC?oC?oC?qC?oC?oC?oC?oC?oC?oC?oC?oC?oC??cR?cR?cR?cR?aR?cR?cR?cR?cR?cR?cR?cR?aR?cR?cR?cR?cR?cRnC?nC?nC?nC?nC?nC?nC?nC?nC?pC?nC?nC?nC?nC?nC?nC?nC?nC?nC?nC?nC?nC?nC?pC?nC?nC?nC?nC?nC?nC??bR?bR?bR?bR?bR?`R?bR?bR?bR?bR?bR?bR?bR?`R?bR?bR?bR?bR??,40.7223,-74.0009,40.7223,-74.0009,14.104147179914706,Lower Manhattan
R089,Trail,22.45,266.0,7.15,1.1848552338524787,0.0127931769722814,1.0,0.0,0.0,0.0,1.0,0.0,0.0526315789473684,0.1578947368421052,0.3157894736842105,0.4736842105263157,0.2631578947368421,0.7368421052631579,9,cvwwFzeqbMoC?oC?oC?oC?oC?oC?qC?oC?oC?oC?oC?oC?oC?oC?oC?oC?oC?oC?oC?oC?qC?oC?oC?oC?oC?oC?oC?oC?oC?oC?oC?oC?oC?oC?qC?oC?oC?oC?oC?oC?oC?oC?oC?oC?oC?oC??cR?cR?cR?cR?aR?cR?cR?cR?cR?cR?cR?cR?aR?cR?cR?cR?cR?cR?cR?cR?cR?aR?cR?cR?cR?cR?cR?cRnC?nC?nC?nC?nC?nC?nC?nC?nC?nC?nC?pC?nC?nC?nC?nC?nC?nC?nC?nC?nC?nC?nC?nC?nC?pC?nC?nC?nC?nC?nC?nC?nC?nC?nC?nC?nC?nC?nC?pC?nC?nC?nC?nC?nC?nC??bR?bR?bR?bR?bR?bR?`R?bR?bR?bR?bR?bR?bR?bR?bR?`R?bR?bR?bR?bR?bR?bR?bR?`R?bR?bR?bR?bR??,40.7589,-73.9851,40.7589,-73.9851,21.823942779580754,Midtown Manhattan
R090,Trail,7.37,116.0,2.64,1.573948439617946,0.03584229390681,1.0,0.0,0.0,0.0,0.0,1.0,0.3684210526315789,0.1578947368421052,0.3684210526315789,0.1052631578947368,0.1578947368421052,0.8421052631578947,1,cl|wFjiibMmJ|@cJzDmInHmH|KeG|NqEnQ{ClS_BxT_@lU^lU~AxTzClSpEnQdG|NlH|KlInHbJzDlJ|@lJ}@bJ{DlIoHlH}KdG}NpEoQzCmS~AyT^mU_@mU_ByT{CmSqEoQeG}NmH}KmIoHcJ{DmJ}@,40.7829,-73.94470049534257,40.7829,-73.94470049534257,9.252809201405983,Central Park Loop
R091,Mixed,9.73,23.0,2.18,0.236382322713015,0.0279589934762348,1.0,0.0,0.0,0.0,1.0,0.0,0.1739130434782608,0.3478260869565217,0.1304347826086956,0.3478260869565217,0.3043478260869565,0.6956521739130435,0,{ikwFrtsbMoC?oC?oC?oC?oC?oC?qC?oC?oC?oC?oC?oC?oC?oC?oC?oC?oC?oC?oC?oC??cR?cR?cR?cR?aR?cR?cR?cR?cR?cR?cR?cRnC?nC?nC?nC?nC?nC?nC?nC?nC?nC?nC?nC?nC?pC?nC?nC?nC?nC?nC?nC??bR?bR?bR?bR?bR?bR?bR?`R?bR?bR?bR?bR??,40.6955,-73.9977,40.6955,-73.9977,9.405569896002753,Brooklyn Heights
R092,Road,18.44,148.0,5.16,0.8026030368759206,0.015432098765432,1.0,0.0,0.0,0.0,1.0,0.0,0.3809523809523809,0.1428571428571428,0.1428571428571428,0.3333333333333333,0.1904761904761904,0.8095238095238095,4,gmdwFp}cbMgJVgJfAcJvB}IfDwItEoIbGeInH{HxImHbK_HjLoGnM}FrNmFtOyEpPeEnQqDfRyC~RcCpSmB`TuAlT{@xTe@~TK`UJ`Ud@~Tz@xTtAlTlB`TbCpSxC~RpDfRdEnQxEpPlFtO|FrNnGnM~GjLlHbKzHxIdInHnIbGvItE|IfDbJvBfJfAfJVfJWfJgAbJwB|IgDvIuEnIcGdIoHzHyIlHcK~GkLnGoM|FsNlFuOxEqPdEoQpDgRxC_SbCqSlBaTtAmTz@yTd@_UJaUKaUe@_U{@yTuAmTmBaTcCqSyC_SqDgReEoQyEqPmFuO}FsNoGoM_HkLmHcK{HyIeIoHoIcGwIuE}IgDcJwBgJgAgJW,40.6602,-73.91720910910679,40.6602,-73.91720910910679,23.203072714115567,Prospect Park Loop
R093,Trail,15.33,97.0,4.04,0.6327462491841925,0.0183710961420698,1.0,0.0,0.0,0.0,1.0,0.0,0.1818181818181818,0.1818181818181818,0.1818181818181818,0.4545454545454545,0.4545454545454545,0.5454545454545454,2,wexwF~vobMpQhE`RxAdRBbRc@dRKbRz@vQhD|PzG~OrJjO`LlO~K`PfJbQjGxQvCbRn@dRSdRa@dRL~QhBlQzEnPdItOlKfOfLtOlKpPbIlQxE~QfBdRJdR_@dRSbRn@xQxC`QlGbPhJjO~KjO`L~OrJ~PvGvQfDbRz@dRMbRa@dRB`RxApQlE,40.7614,-73.9776,40.62981260735233,-74.01776949236768,15.328342342350675,East River Path
R094,Trail,11.45,17.0,2.46,0.1484716157203943,0.0240963855421686,1.0,0.0,0.0,0.0,1.0,0.0,0.3478260869565217,0.1739130434782608,0.1739130434782608,0.3043478260869565,0.217391304347826,0.782608695652174,0,swuwFrbrbMvQsBdQeFlPsHbPuIfPcI~P_GrQuC|Qa@zQ|@vQrBxQlB|Qp@zQs@pQeDxPmGfPiIbPsIpPkHfQsExQcB|QJzQzAvQvBxQxA~QHvQeBfQuEpPkHbPuIfPiIzPiGnQeD|Qo@|Qr@,40.7489,-73.9897,40.64946123959009,-73.96677710763298,11.450077746608658,Hudson River Greenway
R095,Road,15.12,182.0,4.84,1.2037037037029077,0.0186104218362282,1.0,0.0,0.0,0.0,1.0,0.0,0.2083333333333333,0.2083333333333333,0.25,0.3333333333333333,0.375,0.625,4,sxmwFzvkbMoC?oC?oC?oC?oC?oC?qC?oC?oC?oC?oC?oC?oC?oC?oC?oC?oC?oC?oC?oC?qC?oC?oC?oC?oC?oC?oC?oC?oC?oC?oC??cR?cR?cR?cR?aR?cR?cR?cR?cR?cR?cR?cR?aR?cR?cR?cR?cR?cR?cRnC?nC?nC?nC?nC?nC?nC?nC?nC?nC?pC?nC?nC?nC?nC?nC?nC?nC?nC?nC?nC?nC?nC?nC?pC?nC?nC?nC?nC?nC?nC??bR?bR?bR?bR?bR?bR?`R?bR?bR?bR?bR?bR?bR?bR?`R?bR?bR?bR?bR??,40.7081,-73.9571,40.7081,-73.9571,14.78301966440142,Williamsburg Grid
R096,Mixed,17.2,62.0,4.06,0.3604651162788602,0.0164835164835164,1.0,0.0,0.0,0.0,1.0,0.0,0.125,0.25,0.375,0.25,0.375,0.625,1,kqpwFrhtbMoC?oC?oC?oC?oC?oC?qC?oC?oC?oC?oC?oC?oC?oC?oC?oC?oC?oC?oC?oC?qC?oC?oC?oC?oC?oC?oC?oC?oC?oC?oC?oC?oC?oC?qC??cR?cR?cR?cR?aR?cR?cR?cR?cR?cR?cR?cR?aR?cR?cR?cR?cR?cR?cR?cR?cR?aRpC?nC?nC?nC?nC?nC?nC?nC?nC?nC?nC?nC?nC?nC?pC?nC?nC?nC?nC?nC?nC?nC?nC?nC?nC?nC?nC?nC?pC?nC?nC?nC?nC?nC?nC??`R?bR?bR?bR?bR?bR?bR?bR?bR?`R?bR?bR?bR?bR?bR?bR?bR?`R?bR?bR?bR?bR??,40.7223,-74.0009,40.7223,-74.0009,16.971313296748505,Lower Manhattan
R097,Trail,14.16,0.0,2.74,0.0,0.0197889182058047,1.0,0.0,0.0,0.0,1.0,0.0,0.35,0.1,0.25,0.3,0.3,0.7,0,cvwwFzeqbMoC?oC?oC?oC?oC?oC?qC?oC?oC?oC?oC?oC?oC?oC?oC?oC?oC?oC?oC?oC?qC?oC?oC?oC?oC?oC?oC?oC?oC??cR?cR?cR?cR?aR?cR?cR?cR?cR?cR?cR?cR?aR?cR?cR?cR?cR?cRnC?nC?nC?nC?nC?nC?nC?nC?pC?nC?nC?nC?nC?nC?nC?nC?nC?nC?nC?nC?nC?nC?pC?nC?nC?nC?nC?nC?nC??bR?bR?bR?bR?bR?`R?bR?bR?bR?bR?bR?bR?bR?`R?bR?bR?bR?bR??,40.7589,-73.9851,40.7589,-73.9851,13.939057252202971,Midtown Manhattan
R098,Trail,11.19,137.0,3.6,1.2243074173358135,0.0246103363412633,1.0,0.0,0.0,0.0,1.0,0.0,0.25,0.1,0.3,0.35,0.35,0.65,2,cl|wFhfgbMmJh@gJxB_JhEqIvG}H~IiHdLmGdNoF|OmEnQiDxReC|S{AtTu@dUIlU^hUfA~TpBhTvClS|DdR|EvP~F`OzGfMrHbKfIzHxIpFbJ`DjJpAnJ?jJqAbJaDxIqFfI{HrHcKzGgM~FaO|EwP|DeRvCmSpBiTfA_U^iUImUu@eU{AuTeC}SiDyRmEoQoF}OmGeNiHeL}H_JqIwG_JiEgJyBmJi@,40.7829,-73.93397157976709,40.7829,-73.93397157976709,14.058901191735492,Central Park Loop
R099,Road,14.169999999999998,0.0,2.29,0.0,0.01977587343441,1.0,0.0,0.0,0.0,1.0,0.0,0.35,0.15,0.3,0.2,0.3,0.7,0,{ikwFrtsbMoC?oC?oC?oC?oC?oC?qC?oC?oC?oC?oC?oC?oC?oC?oC?oC?oC?oC?oC?oC?qC?oC?oC?oC?oC?oC?oC?oC?oC??cR?cR?cR?cR?aR?cR?cR?cR?cR?cR?cR?cR?aR?cR?cR?cR?cR?cRnC?nC?nC?nC?nC?nC?nC?nC?pC?nC?nC?nC?nC?nC?nC?nC?nC?nC?nC?nC?nC?nC?pC?nC?nC?nC?nC?nC?nC??bR?bR?bR?bR?bR?`R?bR?bR?bR?bR?bR?bR?bR?`R?bR?bR?bR?bR??,40.6955,-73.9977,40.6955,-73.9977,13.947836534898302,Brooklyn Heights
R100,Trail,7.02,0.0,0.84,0.0,0.0374064837905236,1.0,0.0,0.0,0.0,0.0,1.0,0.3636363636363636,0.2272727272727272,0.1363636363636363,0.2727272727272727,0.1363636363636363,0.8636363636363636,0,gmdwF~ejbMgJ~@{IzDcIpHcH~KyF~NeElQmChSoAnTQ`Up@|TlB~SjDlR~EhPnGnMtHhJpIxFbJ|BfJ?bJ}BpIyFtHiJnGoM~EiPjDmRlB_Tp@}TQaUoAoTmCiSeEmQyF_OcH_LcIqH{I{DgJ_A,40.6602,-73.94928351116755,40.6602,-73.94928351116755,8.8231322918196,Prospect Park Loop
